bg,eq_BG,CGM_glucose,running_temp,rate,IOB,unsafe_action_reason
200,205,200.0,0,2.1,-0.1,Null
200,196,200,2.1,2.1,0.1,Null
200,191,200,2.1,2.1,0.2,Null
200,185,200,2.1,2.1,0.349,Null
200,181,200,2.1,2.1,0.446,Null
199.99,178,199.99443540817407,2.1,2.1,0.541,Null
199.97,173,199.9738173590807,2.1,2.1,0.634,Null
199.93,168,199.92606354099237,2.1,2.1,0.775,Null
199.84,164,199.8375728397759,2.1,2.1,0.862,Null
199.69,159,199.69408899406534,2.1,2.1,0.997,Null
199.48,155,199.48139039030292,2.1,2.1,1.079,Null
199.19,152,199.18583587894878,2.1,2.1,1.156,Null
198.79,148,198.7947903803659,2.1,2.1,1.231,Null
198.3,142,198.29694912438808,2.1,1.2,1.353,Null
197.68,141,197.6825755457263,1.2,1.75,1.371,Null
196.94,140,196.9436649873213,1.75,1.3,1.385,Null
196.07,138,196.07404427300267,1.3,1.65,1.397,Null
195.07,137,195.0728294512362,1.65,1.2,1.406,Null
195.07,141,195.0728294512362,1.2,1.7,1.413,Null
195.07,141,195.0728294512362,1.7,1.35,1.466,Null
195.07,140,195.0728294512362,1.35,1.35,1.518,Null
195.07,141,195.0728294512362,1.35,1.65,1.518,Null
188.23,126,188.23166756220695,1.65,0.7,1.515,Null
186.56,126,186.5564782656964,0.7,1.2,1.461,Null
184.81,120,184.80549953377087,1.2,0.9,1.455,Null
182.99,123,182.98987973258215,0.9,1.25,1.448,Null
181.12,120,181.12323353603483,1.25,0.9,1.44,Null
179.22,122,179.2188218616103,0.9,1.2,1.382,Null
177.29,122,177.29035307048517,1.2,0.9,1.323,Null
173.41,173,173.4108188394556,0,2.1,0,Null
173.41,167,173.4108188394556,2.1,2.1,0.15,Null
173.41,160,173.4108188394556,2.1,2.1,0.299,Null
173.41,157,173.4108188394556,2.1,2.1,0.397,Null
173.41,152,173.4108188394556,2.1,2.1,0.493,Null
173.41,149,173.4108188394556,2.1,2.1,0.587,Null
162.43,121,162.42912011062688,2.1,0.7,0.678,Null
160.76,120,160.75789140640757,0.7,0.7,0.668,Null
159.15,119,159.148839946131,0.7,0.7,0.655,Null
157.6,116,157.60233098458244,0.7,0.7,0.64,Null
156.12,118,156.1198131245076,0.7,0.7,0.624,Null
153.36,153,153.3552932060597,0,1.35,0,Null
152.08,148,152.07797688930373,1.35,0.7,0.1,Null
150.87,149,150.8735799254994,0.7,0.107,0.05,Null
