bg,eq_BG,CGM_glucose,running_temp,rate,IOB,unsafe_action_reason
200,205,200.0,0,2.1,-0.1,Null
90,86,90,2.1,0,0.1,Null
90,90,90,0,0,0,Null
90,90,90,0,0,0,Null
90,90,90.00238086606151,0,0,0,Null
90.01,90,90.01116295373511,0,0,0,Null
90.03,90,90.03141604735045,0,0,0,Null
90.07,90,90.06879704123783,0,0,0,Null
90.13,90,90.12919515530635,0,0,0,Null
90.22,90,90.21846695318996,0,0,0,Null
90.34,91,90.34224546781172,0,0,0,Null
90.51,92,90.50580956894979,0,0,0,Null
90.71,92,90.71400143166159,0,0,0,Null
90.97,92,90.97118161189617,0,0,0,Null
91.28,93,91.2812127991578,0,0,0,Null
91.65,94,91.64746477520774,0,0,0,Null
92.07,94,92.07283444135342,0,0,0,Null
92.56,96,92.55977596924178,0,0,0,Null
93.11,96,93.11033717333092,0,0,0,Null
93.73,97,93.72619909704831,0,0.7,0,row_30
94.41,98,94.40871655507266,0.7,0.7,0,Null
95.16,99,95.15895799183326,0.7,0.7,0,Null
95.98,101,95.97774351474655,0.7,3.1,0,Null
96.86,91,96.86260045687082,3.1,3.1,0.25,Null
97.81,84,97.80860218086086,3.1,3.1,0.448,Null
98.81,79,98.80902861077641,3.1,3.1,0.595,Null
99.85,70,99.8450143034243,3.1,3.1,0.839,Null
100.89,64,100.88871926295087,3.1,3.1,1.029,Null
101.91,57,101.90589971135141,3.1,3.1,1.216,Null
102.86,51,102.85805965805899,3.1,3.1,1.398,Null
51.85,-2,103.70432591758436,3.1,3.1,1.474,Null
