bg,eq_BG,CGM_glucose,running_temp,rate,IOB,unsafe_action_reason
200,205,200.0,0,2.1,-0.1,Null
90,86,90,2.1,0,0.1,Null
90,92,90,0,0,-0.05,Null
90,90,90,0,0,0,Null
90,90,90.00238086606151,0,0,0,Null
90.01,90,90.01116295373511,0,0,0,Null
90.03,90,90.03141604735045,0,0,0,Null
90.07,90,90.06879704123783,0,0,0,Null
90.13,90,90.12919515530635,0,0,0,Null
90.22,90,90.21846695318996,0,0,0,Null
90.34,91,90.34224546781172,0,0,0,Null
90.51,92,90.50580956894979,0,0,0,Null
90.71,92,90.71400143166159,0,0,0,Null
90.97,92,90.97118161189617,0,0,0,Null
91.28,93,91.2812127991578,0,0,0,Null
91.65,94,91.64746477520774,0,0,0,Null
92.07,94,92.07283444135342,0,0,0,Null
92.56,96,92.55977596924178,0,0,0,Null
93.11,96,93.11033717333092,0,0,0,Null
93.73,97,93.72619909704831,0,0.7,0,row_30
94.41,98,94.40871655507266,0.7,0.7,0,Null
95.16,99,95.15895799183326,0.7,0.7,0,Null
95.98,101,95.97774351474655,0.7,0.7,0,Null
96.86,102,96.86260045687082,0.7,0.7,0,Null
97.81,103,97.80860218086086,0.7,0.7,0,Null
98.81,105,98.80902861077641,0.7,0.7,0,Null
99.86,106,99.85588545692904,0.7,0.7,0,Null
99.86,100,99.85588545692904,0.7,0,0,Null
99.86,104,99.85588545692904,0,0.15,-0.1,Null
99.86,104,99.85588545692904,0.15,0.15,-0.099,Null
99.86,107,99.85588545692904,0.15,0.45,-0.148,Null
99.52,108,99.52240113621856,0.45,0.5,-0.197,Null
99.96,109,99.95953027235232,0.5,0.6,-0.194,row_28
100.37,110,100.36730167347066,0.6,0.6,-0.192,Null
100.74,110,100.74432576145132,0.6,0.6,-0.188,Null
101.09,110,101.09000745062038,0.6,0.7,-0.184,row_28
