Scenario, Total fault, Total alerts, Total hazards, Average alert time, Average hazard time, Average reaction time, Average manifest time, Average safe state time 
1, 170, 144, 137, 20.0902777778, 30.8759124088, 10.785634631, ,  
2, 125, 125, 124, 17.72, 27.8467741935, 10.1267741935, ,  
3, 169, 92, 85, 53.9565217391, 65.1294117647, 11.1728900256, ,  
4, 100, 100, 100, 52.82, 67.76, 14.94, ,  
5, 95, 91, 79, 20.4725274725, 30.7088607595, 10.236333287, ,  
6, 90, 90, 90, 18.6, 31.5555555556, 12.9555555556, ,  
7, 145, 13, 0, 50.3846153846, N/A, N/A, ,  
8, 20, 16, 16, 48.0, 60.0, 12.0, ,  
