Scenario, Total fault, Total alerts, Total hazards, Average alert time, Average hazard time, Average reaction time, Average manifest time, Average safe state time 
1, 164, 118, 108, 24.7288135593, 26.9814814815, 2.25266792216, ,  
2, 121, 107, 100, 23.8971962617, 25.76, 1.86280373832, ,  
3, 166, 54, 45, 69.1851851852, 79.6, 10.4148148148, ,  
4, 98, 59, 52, 69.8983050847, 82.5576923077, 12.6593872229, ,  
5, 94, 74, 65, 24.3108108108, 31.8307692308, 7.51995841996, ,  
6, 88, 78, 76, 23.6923076923, 29.8421052632, 6.14979757085, ,  
7, 144, 62, 48, 65.1290322581, 73.4583333333, 8.32930107527, ,  
8, 20, 14, 13, 67.0714285714, 77.3846153846, 10.3131868132, ,  
